sales,date,region
" $1,638.00 ",2/6/2018,north
" $1,647.00 ",2/6/2018,south
" $1,731.00 ",2/6/2018,east
" $1,557.00 ",2/6/2018,west
" $1,587.00 ",2/7/2018,north
" $1,698.00 ",2/7/2018,south
" $1,542.00 ",2/7/2018,east
" $1,635.00 ",2/7/2018,west
" $1,602.00 ",2/8/2018,north
" $1,536.00 ",2/8/2018,south
" $1,503.00 ",2/8/2018,east
" $1,701.00 ",2/8/2018,west
" $1,758.00 ",2/9/2018,north
" $1,662.00 ",2/9/2018,south
" $1,782.00 ",2/9/2018,east
" $1,515.00 ",2/9/2018,west
" $1,662.00 ",2/10/2018,north
" $1,557.00 ",2/10/2018,south
" $1,650.00 ",2/10/2018,east
" $1,674.00 ",2/10/2018,west
" $1,554.00 ",2/11/2018,north
" $1,587.00 ",2/11/2018,south
" $1,563.00 ",2/11/2018,east
" $1,764.00 ",2/11/2018,west
" $1,758.00 ",2/12/2018,north
" $1,608.00 ",2/12/2018,south
" $1,569.00 ",2/12/2018,east
" $1,653.00 ",2/12/2018,west
" $1,572.00 ",2/13/2018,north
" $1,716.00 ",2/13/2018,south
" $1,773.00 ",2/13/2018,east
" $1,725.00 ",2/13/2018,west
" $1,767.00 ",2/14/2018,north
" $1,710.00 ",2/14/2018,south
" $1,698.00 ",2/14/2018,east
" $1,512.00 ",2/14/2018,west
" $1,746.00 ",2/15/2018,north
" $1,734.00 ",2/15/2018,south
" $1,524.00 ",2/15/2018,east
" $1,614.00 ",2/15/2018,west
" $1,578.00 ",2/16/2018,north
" $1,782.00 ",2/16/2018,south
" $1,527.00 ",2/16/2018,east
" $1,752.00 ",2/16/2018,west
" $1,785.00 ",2/17/2018,north
" $1,689.00 ",2/17/2018,south
" $1,641.00 ",2/17/2018,east
" $1,575.00 ",2/17/2018,west
" $1,644.00 ",2/18/2018,north
" $1,674.00 ",2/18/2018,south
" $1,551.00 ",2/18/2018,east
" $1,737.00 ",2/18/2018,west
" $1,563.00 ",2/19/2018,north
" $1,647.00 ",2/19/2018,south
" $1,605.00 ",2/19/2018,east
" $1,539.00 ",2/19/2018,west
" $1,698.00 ",2/20/2018,north
" $1,575.00 ",2/20/2018,south
" $1,500.00 ",2/20/2018,east
" $1,551.00 ",2/20/2018,west
" $1,737.00 ",2/21/2018,north
" $1,542.00 ",2/21/2018,south
" $1,665.00 ",2/21/2018,east
" $1,548.00 ",2/21/2018,west
" $1,635.00 ",2/22/2018,north
" $1,632.00 ",2/22/2018,south
" $1,668.00 ",2/22/2018,east
" $1,764.00 ",2/22/2018,west
" $1,533.00 ",2/23/2018,north
" $1,563.00 ",2/23/2018,south
" $1,641.00 ",2/23/2018,east
" $1,773.00 ",2/23/2018,west
" $1,629.00 ",2/24/2018,north
" $1,698.00 ",2/24/2018,south
" $1,725.00 ",2/24/2018,east
" $1,722.00 ",2/24/2018,west
" $1,596.00 ",2/25/2018,north
" $1,710.00 ",2/25/2018,south
" $1,635.00 ",2/25/2018,east
" $1,659.00 ",2/25/2018,west
" $1,686.00 ",2/26/2018,north
" $1,533.00 ",2/26/2018,south
" $1,524.00 ",2/26/2018,east
" $1,530.00 ",2/26/2018,west
" $1,665.00 ",2/27/2018,north
" $1,695.00 ",2/27/2018,south
" $1,578.00 ",2/27/2018,east
" $1,620.00 ",2/27/2018,west
" $1,767.00 ",2/28/2018,north
" $1,593.00 ",2/28/2018,south
" $1,743.00 ",2/28/2018,east
" $1,557.00 ",2/28/2018,west
" $1,668.00 ",3/1/2018,north
" $1,782.00 ",3/1/2018,south
" $1,527.00 ",3/1/2018,east
" $1,668.00 ",3/1/2018,west
" $1,635.00 ",3/2/2018,north
" $1,569.00 ",3/2/2018,south
" $1,746.00 ",3/2/2018,east
" $1,773.00 ",3/2/2018,west
" $1,539.00 ",3/3/2018,north
" $1,500.00 ",3/3/2018,south
" $1,569.00 ",3/3/2018,east
" $1,557.00 ",3/3/2018,west
" $1,773.00 ",3/4/2018,north
" $1,644.00 ",3/4/2018,south
" $1,614.00 ",3/4/2018,east
" $1,674.00 ",3/4/2018,west
" $1,533.00 ",3/5/2018,north
" $1,653.00 ",3/5/2018,south
" $1,557.00 ",3/5/2018,east
" $1,746.00 ",3/5/2018,west
" $1,719.00 ",3/6/2018,north
" $1,719.00 ",3/6/2018,south
" $1,659.00 ",3/6/2018,east
" $1,800.00 ",3/6/2018,west
" $1,581.00 ",3/7/2018,north
" $1,602.00 ",3/7/2018,south
" $1,608.00 ",3/7/2018,east
" $1,650.00 ",3/7/2018,west
" $1,611.00 ",3/8/2018,north
" $1,530.00 ",3/8/2018,south
" $1,698.00 ",3/8/2018,east
" $1,668.00 ",3/8/2018,west
" $1,746.00 ",3/9/2018,north
" $1,524.00 ",3/9/2018,south
" $1,506.00 ",3/9/2018,east
" $1,704.00 ",3/9/2018,west
" $1,788.00 ",3/10/2018,north
" $1,719.00 ",3/10/2018,south
" $1,746.00 ",3/10/2018,east
" $1,584.00 ",3/10/2018,west
" $1,692.00 ",3/11/2018,north
" $1,635.00 ",3/11/2018,south
" $1,608.00 ",3/11/2018,east
" $1,590.00 ",3/11/2018,west
" $1,599.00 ",3/12/2018,north
" $1,518.00 ",3/12/2018,south
" $1,602.00 ",3/12/2018,east
" $1,659.00 ",3/12/2018,west
" $1,644.00 ",3/13/2018,north
" $1,611.00 ",3/13/2018,south
" $1,554.00 ",3/13/2018,east
" $1,515.00 ",3/13/2018,west
" $1,515.00 ",3/14/2018,north
" $1,632.00 ",3/14/2018,south
" $1,512.00 ",3/14/2018,east
" $1,776.00 ",3/14/2018,west
" $1,677.00 ",3/15/2018,north
" $1,503.00 ",3/15/2018,south
" $1,605.00 ",3/15/2018,east
" $1,647.00 ",3/15/2018,west
" $1,506.00 ",3/16/2018,north
" $1,737.00 ",3/16/2018,south
" $1,590.00 ",3/16/2018,east
" $1,767.00 ",3/16/2018,west
" $1,593.00 ",3/17/2018,north
" $1,614.00 ",3/17/2018,south
" $1,710.00 ",3/17/2018,east
" $1,662.00 ",3/17/2018,west
" $1,650.00 ",3/18/2018,north
" $1,755.00 ",3/18/2018,south
" $1,698.00 ",3/18/2018,east
" $1,659.00 ",3/18/2018,west
" $1,683.00 ",3/19/2018,north
" $1,509.00 ",3/19/2018,south
" $1,500.00 ",3/19/2018,east
" $1,545.00 ",3/19/2018,west
" $1,647.00 ",3/20/2018,north
" $1,614.00 ",3/20/2018,south
" $1,629.00 ",3/20/2018,east
" $1,677.00 ",3/20/2018,west
" $1,743.00 ",3/21/2018,north
" $1,569.00 ",3/21/2018,south
" $1,593.00 ",3/21/2018,east
" $1,578.00 ",3/21/2018,west
" $1,578.00 ",3/22/2018,north
" $1,581.00 ",3/22/2018,south
" $1,653.00 ",3/22/2018,east
" $1,578.00 ",3/22/2018,west
" $1,761.00 ",3/23/2018,north
" $1,611.00 ",3/23/2018,south
" $1,749.00 ",3/23/2018,east
" $1,764.00 ",3/23/2018,west
" $1,716.00 ",3/24/2018,north
" $1,710.00 ",3/24/2018,south
" $1,800.00 ",3/24/2018,east
" $1,728.00 ",3/24/2018,west
" $1,743.00 ",3/25/2018,north
" $1,764.00 ",3/25/2018,south
" $1,740.00 ",3/25/2018,east
" $1,707.00 ",3/25/2018,west
" $1,509.00 ",3/26/2018,north
" $1,641.00 ",3/26/2018,south
" $1,533.00 ",3/26/2018,east
" $1,752.00 ",3/26/2018,west
" $1,767.00 ",3/27/2018,north
" $1,590.00 ",3/27/2018,south
" $1,533.00 ",3/27/2018,east
" $1,704.00 ",3/27/2018,west
" $1,671.00 ",3/28/2018,north
" $1,527.00 ",3/28/2018,south
" $1,524.00 ",3/28/2018,east
" $1,629.00 ",3/28/2018,west
" $1,722.00 ",3/29/2018,north
" $1,557.00 ",3/29/2018,south
" $1,686.00 ",3/29/2018,east
" $1,779.00 ",3/29/2018,west
" $1,734.00 ",3/30/2018,north
" $1,776.00 ",3/30/2018,south
" $1,554.00 ",3/30/2018,east
" $1,725.00 ",3/30/2018,west
" $1,617.00 ",3/31/2018,north
" $1,635.00 ",3/31/2018,south
" $1,605.00 ",3/31/2018,east
" $1,785.00 ",3/31/2018,west
" $1,761.00 ",4/1/2018,north
" $1,530.00 ",4/1/2018,south
" $1,710.00 ",4/1/2018,east
" $1,506.00 ",4/1/2018,west
" $1,509.00 ",4/2/2018,north
" $1,797.00 ",4/2/2018,south
" $1,662.00 ",4/2/2018,east
" $1,530.00 ",4/2/2018,west
" $1,767.00 ",4/3/2018,north
" $1,767.00 ",4/3/2018,south
" $1,614.00 ",4/3/2018,east
" $1,533.00 ",4/3/2018,west
" $1,767.00 ",4/4/2018,north
" $1,761.00 ",4/4/2018,south
" $1,566.00 ",4/4/2018,east
" $1,623.00 ",4/4/2018,west
" $1,506.00 ",4/5/2018,north
" $1,512.00 ",4/5/2018,south
" $1,692.00 ",4/5/2018,east
" $1,749.00 ",4/5/2018,west
" $1,701.00 ",4/6/2018,north
" $1,752.00 ",4/6/2018,south
" $1,632.00 ",4/6/2018,east
" $1,515.00 ",4/6/2018,west
" $1,725.00 ",4/7/2018,north
" $1,611.00 ",4/7/2018,south
" $1,788.00 ",4/7/2018,east
" $1,617.00 ",4/7/2018,west
" $1,656.00 ",4/8/2018,north
" $1,674.00 ",4/8/2018,south
" $1,557.00 ",4/8/2018,east
" $1,701.00 ",4/8/2018,west
" $1,686.00 ",4/9/2018,north
" $1,782.00 ",4/9/2018,south
" $1,641.00 ",4/9/2018,east
" $1,557.00 ",4/9/2018,west
" $1,686.00 ",4/10/2018,north
" $1,527.00 ",4/10/2018,south
" $1,698.00 ",4/10/2018,east
" $1,728.00 ",4/10/2018,west
" $1,671.00 ",4/11/2018,north
" $1,527.00 ",4/11/2018,south
" $1,581.00 ",4/11/2018,east
" $1,764.00 ",4/11/2018,west
" $1,653.00 ",4/12/2018,north
" $1,626.00 ",4/12/2018,south
" $1,782.00 ",4/12/2018,east
" $1,749.00 ",4/12/2018,west
" $1,539.00 ",4/13/2018,north
" $1,752.00 ",4/13/2018,south
" $1,674.00 ",4/13/2018,east
" $1,749.00 ",4/13/2018,west
" $1,569.00 ",4/14/2018,north
" $1,794.00 ",4/14/2018,south
" $1,674.00 ",4/14/2018,east
" $1,638.00 ",4/14/2018,west
" $1,515.00 ",4/15/2018,north
" $1,527.00 ",4/15/2018,south
" $1,602.00 ",4/15/2018,east
" $1,653.00 ",4/15/2018,west
" $1,602.00 ",4/16/2018,north
" $1,707.00 ",4/16/2018,south
" $1,548.00 ",4/16/2018,east
" $1,527.00 ",4/16/2018,west
" $1,599.00 ",4/17/2018,north
" $1,728.00 ",4/17/2018,south
" $1,704.00 ",4/17/2018,east
" $1,539.00 ",4/17/2018,west
" $1,545.00 ",4/18/2018,north
" $1,797.00 ",4/18/2018,south
" $1,515.00 ",4/18/2018,east
" $1,719.00 ",4/18/2018,west
" $1,713.00 ",4/19/2018,north
" $1,674.00 ",4/19/2018,south
" $1,767.00 ",4/19/2018,east
" $1,767.00 ",4/19/2018,west
" $1,668.00 ",4/20/2018,north
" $1,620.00 ",4/20/2018,south
" $1,677.00 ",4/20/2018,east
" $1,509.00 ",4/20/2018,west
" $1,683.00 ",4/21/2018,north
" $1,743.00 ",4/21/2018,south
" $1,644.00 ",4/21/2018,east
" $1,578.00 ",4/21/2018,west
" $1,572.00 ",4/22/2018,north
" $1,545.00 ",4/22/2018,south
" $1,557.00 ",4/22/2018,east
" $1,626.00 ",4/22/2018,west
" $1,710.00 ",4/23/2018,north
" $1,659.00 ",4/23/2018,south
" $1,665.00 ",4/23/2018,east
" $1,521.00 ",4/23/2018,west
" $1,503.00 ",4/24/2018,north
" $1,650.00 ",4/24/2018,south
" $1,689.00 ",4/24/2018,east
" $1,743.00 ",4/24/2018,west
" $1,623.00 ",4/25/2018,north
" $1,503.00 ",4/25/2018,south
" $1,758.00 ",4/25/2018,east
" $1,557.00 ",4/25/2018,west
" $1,713.00 ",4/26/2018,north
" $1,734.00 ",4/26/2018,south
" $1,740.00 ",4/26/2018,east
" $1,563.00 ",4/26/2018,west
" $1,716.00 ",4/27/2018,north
" $1,791.00 ",4/27/2018,south
" $1,674.00 ",4/27/2018,east
" $1,716.00 ",4/27/2018,west
" $1,632.00 ",4/28/2018,north
" $1,641.00 ",4/28/2018,south
" $1,584.00 ",4/28/2018,east
" $1,590.00 ",4/28/2018,west
" $1,713.00 ",4/29/2018,north
" $1,593.00 ",4/29/2018,south
" $1,740.00 ",4/29/2018,east
" $1,638.00 ",4/29/2018,west
" $1,653.00 ",4/30/2018,north
" $1,590.00 ",4/30/2018,south
" $1,593.00 ",4/30/2018,east
" $1,602.00 ",4/30/2018,west
" $1,785.00 ",5/1/2018,north
" $1,764.00 ",5/1/2018,south
" $1,506.00 ",5/1/2018,east
" $1,536.00 ",5/1/2018,west
" $1,623.00 ",5/2/2018,north
" $1,674.00 ",5/2/2018,south
" $1,791.00 ",5/2/2018,east
" $1,653.00 ",5/2/2018,west
" $1,785.00 ",5/3/2018,north
" $1,569.00 ",5/3/2018,south
" $1,500.00 ",5/3/2018,east
" $1,770.00 ",5/3/2018,west
" $1,653.00 ",5/4/2018,north
" $1,590.00 ",5/4/2018,south
" $1,671.00 ",5/4/2018,east
" $1,629.00 ",5/4/2018,west
" $1,578.00 ",5/5/2018,north
" $1,665.00 ",5/5/2018,south
" $1,575.00 ",5/5/2018,east
" $1,587.00 ",5/5/2018,west
" $1,674.00 ",5/6/2018,north
" $1,785.00 ",5/6/2018,south
" $1,719.00 ",5/6/2018,east
" $1,617.00 ",5/6/2018,west
" $1,794.00 ",5/7/2018,north
" $1,563.00 ",5/7/2018,south
" $1,728.00 ",5/7/2018,east
" $1,740.00 ",5/7/2018,west
" $1,617.00 ",5/8/2018,north
" $1,650.00 ",5/8/2018,south
" $1,728.00 ",5/8/2018,east
" $1,635.00 ",5/8/2018,west
" $1,584.00 ",5/9/2018,north
" $1,647.00 ",5/9/2018,south
" $1,551.00 ",5/9/2018,east
" $1,512.00 ",5/9/2018,west
" $1,737.00 ",5/10/2018,north
" $1,551.00 ",5/10/2018,south
" $1,515.00 ",5/10/2018,east
" $1,716.00 ",5/10/2018,west
" $1,746.00 ",5/11/2018,north
" $1,677.00 ",5/11/2018,south
" $1,584.00 ",5/11/2018,east
" $1,617.00 ",5/11/2018,west
" $1,743.00 ",5/12/2018,north
" $1,533.00 ",5/12/2018,south
" $1,521.00 ",5/12/2018,east
" $1,578.00 ",5/12/2018,west
" $1,545.00 ",5/13/2018,north
" $1,713.00 ",5/13/2018,south
" $1,665.00 ",5/13/2018,east
" $1,644.00 ",5/13/2018,west
" $1,776.00 ",5/14/2018,north
" $1,560.00 ",5/14/2018,south
" $1,644.00 ",5/14/2018,east
" $1,503.00 ",5/14/2018,west
" $1,800.00 ",5/15/2018,north
" $1,758.00 ",5/15/2018,south
" $1,701.00 ",5/15/2018,east
" $1,671.00 ",5/15/2018,west
" $1,593.00 ",5/16/2018,north
" $1,617.00 ",5/16/2018,south
" $1,626.00 ",5/16/2018,east
" $1,629.00 ",5/16/2018,west
" $1,728.00 ",5/17/2018,north
" $1,506.00 ",5/17/2018,south
" $1,590.00 ",5/17/2018,east
" $1,626.00 ",5/17/2018,west
" $1,782.00 ",5/18/2018,north
" $1,572.00 ",5/18/2018,south
" $1,539.00 ",5/18/2018,east
" $1,509.00 ",5/18/2018,west
" $1,788.00 ",5/19/2018,north
" $1,713.00 ",5/19/2018,south
" $1,626.00 ",5/19/2018,east
" $1,629.00 ",5/19/2018,west
" $1,548.00 ",5/20/2018,north
" $1,716.00 ",5/20/2018,south
" $1,752.00 ",5/20/2018,east
" $1,638.00 ",5/20/2018,west
" $1,575.00 ",5/21/2018,north
" $1,671.00 ",5/21/2018,south
" $1,626.00 ",5/21/2018,east
" $1,572.00 ",5/21/2018,west
" $1,572.00 ",5/22/2018,north
" $1,569.00 ",5/22/2018,south
" $1,581.00 ",5/22/2018,east
" $1,521.00 ",5/22/2018,west
" $1,641.00 ",5/23/2018,north
" $1,692.00 ",5/23/2018,south
" $1,713.00 ",5/23/2018,east
" $1,563.00 ",5/23/2018,west
" $1,524.00 ",5/24/2018,north
" $1,533.00 ",5/24/2018,south
" $1,695.00 ",5/24/2018,east
" $1,533.00 ",5/24/2018,west
" $1,599.00 ",5/25/2018,north
" $1,665.00 ",5/25/2018,south
" $1,713.00 ",5/25/2018,east
" $1,644.00 ",5/25/2018,west
" $1,776.00 ",5/26/2018,north
" $1,530.00 ",5/26/2018,south
" $1,650.00 ",5/26/2018,east
" $1,512.00 ",5/26/2018,west
" $1,629.00 ",5/27/2018,north
" $1,707.00 ",5/27/2018,south
" $1,521.00 ",5/27/2018,east
" $1,761.00 ",5/27/2018,west
" $1,755.00 ",5/28/2018,north
" $1,659.00 ",5/28/2018,south
" $1,800.00 ",5/28/2018,east
" $1,539.00 ",5/28/2018,west
" $1,713.00 ",5/29/2018,north
" $1,752.00 ",5/29/2018,south
" $1,629.00 ",5/29/2018,east
" $1,635.00 ",5/29/2018,west
" $1,674.00 ",5/30/2018,north
" $1,701.00 ",5/30/2018,south
" $1,614.00 ",5/30/2018,east
" $1,794.00 ",5/30/2018,west
" $1,725.00 ",5/31/2018,north
" $1,659.00 ",5/31/2018,south
" $1,536.00 ",5/31/2018,east
" $1,620.00 ",5/31/2018,west
" $1,794.00 ",6/1/2018,north
" $1,623.00 ",6/1/2018,south
" $1,665.00 ",6/1/2018,east
" $1,671.00 ",6/1/2018,west
" $1,752.00 ",6/2/2018,north
" $1,707.00 ",6/2/2018,south
" $1,797.00 ",6/2/2018,east
" $1,668.00 ",6/2/2018,west
" $1,596.00 ",6/3/2018,north
" $1,503.00 ",6/3/2018,south
" $1,578.00 ",6/3/2018,east
" $1,680.00 ",6/3/2018,west
" $1,608.00 ",6/4/2018,north
" $1,683.00 ",6/4/2018,south
" $1,572.00 ",6/4/2018,east
" $1,656.00 ",6/4/2018,west
" $1,713.00 ",6/5/2018,north
" $1,698.00 ",6/5/2018,south
" $1,557.00 ",6/5/2018,east
" $1,782.00 ",6/5/2018,west
" $1,695.00 ",6/6/2018,north
" $1,680.00 ",6/6/2018,south
" $1,761.00 ",6/6/2018,east
" $1,659.00 ",6/6/2018,west
" $1,518.00 ",6/7/2018,north
" $1,572.00 ",6/7/2018,south
" $1,785.00 ",6/7/2018,east
" $1,557.00 ",6/7/2018,west
" $1,719.00 ",6/8/2018,north
" $1,677.00 ",6/8/2018,south
" $1,695.00 ",6/8/2018,east
" $1,602.00 ",6/8/2018,west
" $1,782.00 ",6/9/2018,north
" $1,773.00 ",6/9/2018,south
" $1,656.00 ",6/9/2018,east
" $1,665.00 ",6/9/2018,west
" $1,578.00 ",6/10/2018,north
" $1,641.00 ",6/10/2018,south
" $1,737.00 ",6/10/2018,east
" $1,557.00 ",6/10/2018,west
" $1,788.00 ",6/11/2018,north
" $1,677.00 ",6/11/2018,south
" $1,698.00 ",6/11/2018,east
" $1,728.00 ",6/11/2018,west
" $1,776.00 ",6/12/2018,north
" $1,551.00 ",6/12/2018,south
" $1,548.00 ",6/12/2018,east
" $1,542.00 ",6/12/2018,west
" $1,683.00 ",6/13/2018,north
" $1,683.00 ",6/13/2018,south
" $1,572.00 ",6/13/2018,east
" $1,683.00 ",6/13/2018,west
" $1,761.00 ",6/14/2018,north
" $1,668.00 ",6/14/2018,south
" $1,599.00 ",6/14/2018,east
" $1,593.00 ",6/14/2018,west
" $1,623.00 ",6/15/2018,north
" $1,737.00 ",6/15/2018,south
" $1,593.00 ",6/15/2018,east
" $1,788.00 ",6/15/2018,west
" $1,659.00 ",6/16/2018,north
" $1,641.00 ",6/16/2018,south
" $1,575.00 ",6/16/2018,east
" $1,611.00 ",6/16/2018,west
" $1,599.00 ",6/17/2018,north
" $1,530.00 ",6/17/2018,south
" $1,608.00 ",6/17/2018,east
" $1,626.00 ",6/17/2018,west
" $1,530.00 ",6/18/2018,north
" $1,707.00 ",6/18/2018,south
" $1,611.00 ",6/18/2018,east
" $1,635.00 ",6/18/2018,west
" $1,593.00 ",6/19/2018,north
" $1,749.00 ",6/19/2018,south
" $1,623.00 ",6/19/2018,east
" $1,608.00 ",6/19/2018,west
" $1,665.00 ",6/20/2018,north
" $1,659.00 ",6/20/2018,south
" $1,734.00 ",6/20/2018,east
" $1,557.00 ",6/20/2018,west
" $1,797.00 ",6/21/2018,north
" $1,587.00 ",6/21/2018,south
" $1,557.00 ",6/21/2018,east
" $1,542.00 ",6/21/2018,west
" $1,743.00 ",6/22/2018,north
" $1,797.00 ",6/22/2018,south
" $1,686.00 ",6/22/2018,east
" $1,683.00 ",6/22/2018,west
" $1,791.00 ",6/23/2018,north
" $1,554.00 ",6/23/2018,south
" $1,695.00 ",6/23/2018,east
" $1,566.00 ",6/23/2018,west
" $1,563.00 ",6/24/2018,north
" $1,623.00 ",6/24/2018,south
" $1,530.00 ",6/24/2018,east
" $1,662.00 ",6/24/2018,west
" $1,650.00 ",6/25/2018,north
" $1,602.00 ",6/25/2018,south
" $1,548.00 ",6/25/2018,east
" $1,623.00 ",6/25/2018,west
" $1,728.00 ",6/26/2018,north
" $1,533.00 ",6/26/2018,south
" $1,503.00 ",6/26/2018,east
" $1,629.00 ",6/26/2018,west
" $1,581.00 ",6/27/2018,north
" $1,659.00 ",6/27/2018,south
" $1,707.00 ",6/27/2018,east
" $1,665.00 ",6/27/2018,west
" $1,563.00 ",6/28/2018,north
" $1,638.00 ",6/28/2018,south
" $1,692.00 ",6/28/2018,east
" $1,503.00 ",6/28/2018,west
" $1,686.00 ",6/29/2018,north
" $1,764.00 ",6/29/2018,south
" $1,629.00 ",6/29/2018,east
" $1,779.00 ",6/29/2018,west
" $1,554.00 ",6/30/2018,north
" $1,653.00 ",6/30/2018,south
" $1,515.00 ",6/30/2018,east
" $1,557.00 ",6/30/2018,west
" $1,746.00 ",7/1/2018,north
" $1,671.00 ",7/1/2018,south
" $1,716.00 ",7/1/2018,east
" $1,554.00 ",7/1/2018,west
" $1,695.00 ",7/2/2018,north
" $1,611.00 ",7/2/2018,south
" $1,680.00 ",7/2/2018,east
" $1,671.00 ",7/2/2018,west
" $1,644.00 ",7/3/2018,north
" $1,638.00 ",7/3/2018,south
" $1,623.00 ",7/3/2018,east
" $1,515.00 ",7/3/2018,west
" $1,743.00 ",7/4/2018,north
" $1,587.00 ",7/4/2018,south
" $1,764.00 ",7/4/2018,east
" $1,572.00 ",7/4/2018,west
" $1,752.00 ",7/5/2018,north
" $1,647.00 ",7/5/2018,south
" $1,575.00 ",7/5/2018,east
" $1,500.00 ",7/5/2018,west
" $1,743.00 ",7/6/2018,north
" $1,566.00 ",7/6/2018,south
" $1,758.00 ",7/6/2018,east
" $1,689.00 ",7/6/2018,west
" $1,776.00 ",7/7/2018,north
" $1,770.00 ",7/7/2018,south
" $1,695.00 ",7/7/2018,east
" $1,566.00 ",7/7/2018,west
" $1,623.00 ",7/8/2018,north
" $1,776.00 ",7/8/2018,south
" $1,515.00 ",7/8/2018,east
" $1,761.00 ",7/8/2018,west
" $1,623.00 ",7/9/2018,north
" $1,788.00 ",7/9/2018,south
" $1,542.00 ",7/9/2018,east
" $1,515.00 ",7/9/2018,west
" $1,794.00 ",7/10/2018,north
" $1,794.00 ",7/10/2018,south
" $1,755.00 ",7/10/2018,east
" $1,761.00 ",7/10/2018,west
" $1,605.00 ",7/11/2018,north
" $1,569.00 ",7/11/2018,south
" $1,638.00 ",7/11/2018,east
" $1,677.00 ",7/11/2018,west
" $1,593.00 ",7/12/2018,north
" $1,500.00 ",7/12/2018,south
" $1,539.00 ",7/12/2018,east
" $1,719.00 ",7/12/2018,west
" $1,749.00 ",7/13/2018,north
" $1,596.00 ",7/13/2018,south
" $1,680.00 ",7/13/2018,east
" $1,509.00 ",7/13/2018,west
" $1,500.00 ",7/14/2018,north
" $1,653.00 ",7/14/2018,south
" $1,620.00 ",7/14/2018,east
" $1,575.00 ",7/14/2018,west
" $1,737.00 ",7/15/2018,north
" $1,713.00 ",7/15/2018,south
" $1,698.00 ",7/15/2018,east
" $1,539.00 ",7/15/2018,west
" $1,773.00 ",7/16/2018,north
" $1,707.00 ",7/16/2018,south
" $1,554.00 ",7/16/2018,east
" $1,515.00 ",7/16/2018,west
" $1,551.00 ",7/17/2018,north
" $1,566.00 ",7/17/2018,south
" $1,788.00 ",7/17/2018,east
" $1,614.00 ",7/17/2018,west
" $1,704.00 ",7/18/2018,north
" $1,656.00 ",7/18/2018,south
" $1,530.00 ",7/18/2018,east
" $1,659.00 ",7/18/2018,west
" $1,620.00 ",7/19/2018,north
" $1,725.00 ",7/19/2018,south
" $1,704.00 ",7/19/2018,east
" $1,527.00 ",7/19/2018,west
" $1,731.00 ",7/20/2018,north
" $1,761.00 ",7/20/2018,south
" $1,644.00 ",7/20/2018,east
" $1,653.00 ",7/20/2018,west
" $1,725.00 ",7/21/2018,north
" $1,698.00 ",7/21/2018,south
" $1,662.00 ",7/21/2018,east
" $1,656.00 ",7/21/2018,west
" $1,608.00 ",7/22/2018,north
" $1,773.00 ",7/22/2018,south
" $1,659.00 ",7/22/2018,east
" $1,647.00 ",7/22/2018,west
" $1,638.00 ",7/23/2018,north
" $1,623.00 ",7/23/2018,south
" $1,719.00 ",7/23/2018,east
" $1,629.00 ",7/23/2018,west
" $1,701.00 ",7/24/2018,north
" $1,725.00 ",7/24/2018,south
" $1,752.00 ",7/24/2018,east
" $1,557.00 ",7/24/2018,west
" $1,500.00 ",7/25/2018,north
" $1,707.00 ",7/25/2018,south
" $1,533.00 ",7/25/2018,east
" $1,737.00 ",7/25/2018,west
" $1,605.00 ",7/26/2018,north
" $1,767.00 ",7/26/2018,south
" $1,551.00 ",7/26/2018,east
" $1,521.00 ",7/26/2018,west
" $1,659.00 ",7/27/2018,north
" $1,611.00 ",7/27/2018,south
" $1,695.00 ",7/27/2018,east
" $1,632.00 ",7/27/2018,west
" $1,515.00 ",7/28/2018,north
" $1,584.00 ",7/28/2018,south
" $1,596.00 ",7/28/2018,east
" $1,743.00 ",7/28/2018,west
" $1,791.00 ",7/29/2018,north
" $1,599.00 ",7/29/2018,south
" $1,749.00 ",7/29/2018,east
" $1,755.00 ",7/29/2018,west
" $1,755.00 ",7/30/2018,north
" $1,662.00 ",7/30/2018,south
" $1,509.00 ",7/30/2018,east
" $1,776.00 ",7/30/2018,west
" $1,695.00 ",7/31/2018,north
" $1,707.00 ",7/31/2018,south
" $1,548.00 ",7/31/2018,east
" $1,578.00 ",7/31/2018,west
" $1,563.00 ",8/1/2018,north
" $1,674.00 ",8/1/2018,south
" $1,554.00 ",8/1/2018,east
" $1,665.00 ",8/1/2018,west
" $1,527.00 ",8/2/2018,north
" $1,617.00 ",8/2/2018,south
" $1,548.00 ",8/2/2018,east
" $1,671.00 ",8/2/2018,west
" $1,668.00 ",8/3/2018,north
" $1,671.00 ",8/3/2018,south
" $1,719.00 ",8/3/2018,east
" $1,668.00 ",8/3/2018,west
" $1,536.00 ",8/4/2018,north
" $1,734.00 ",8/4/2018,south
" $1,743.00 ",8/4/2018,east
" $1,776.00 ",8/4/2018,west
" $1,650.00 ",8/5/2018,north
" $1,599.00 ",8/5/2018,south
" $1,614.00 ",8/5/2018,east
" $1,773.00 ",8/5/2018,west
" $1,611.00 ",8/6/2018,north
" $1,605.00 ",8/6/2018,south
" $1,554.00 ",8/6/2018,east
" $1,788.00 ",8/6/2018,west
" $1,566.00 ",8/7/2018,north
" $1,560.00 ",8/7/2018,south
" $1,551.00 ",8/7/2018,east
" $1,626.00 ",8/7/2018,west
" $1,665.00 ",8/8/2018,north
" $1,539.00 ",8/8/2018,south
" $1,506.00 ",8/8/2018,east
" $1,617.00 ",8/8/2018,west
" $1,797.00 ",8/9/2018,north
" $1,794.00 ",8/9/2018,south
" $1,620.00 ",8/9/2018,east
" $1,683.00 ",8/9/2018,west
" $1,620.00 ",8/10/2018,north
" $1,554.00 ",8/10/2018,south
" $1,701.00 ",8/10/2018,east
" $1,785.00 ",8/10/2018,west
" $1,689.00 ",8/11/2018,north
" $1,650.00 ",8/11/2018,south
" $1,533.00 ",8/11/2018,east
" $1,587.00 ",8/11/2018,west
" $1,509.00 ",8/12/2018,north
" $1,743.00 ",8/12/2018,south
" $1,719.00 ",8/12/2018,east
" $1,743.00 ",8/12/2018,west
" $1,701.00 ",8/13/2018,north
" $1,629.00 ",8/13/2018,south
" $1,638.00 ",8/13/2018,east
" $1,611.00 ",8/13/2018,west
" $1,623.00 ",8/14/2018,north
" $1,635.00 ",8/14/2018,south
" $1,716.00 ",8/14/2018,east
" $1,707.00 ",8/14/2018,west
" $1,602.00 ",8/15/2018,north
" $1,542.00 ",8/15/2018,south
" $1,800.00 ",8/15/2018,east
" $1,734.00 ",8/15/2018,west
" $1,788.00 ",8/16/2018,north
" $1,614.00 ",8/16/2018,south
" $1,743.00 ",8/16/2018,east
" $1,770.00 ",8/16/2018,west
" $1,776.00 ",8/17/2018,north
" $1,713.00 ",8/17/2018,south
" $1,623.00 ",8/17/2018,east
" $1,752.00 ",8/17/2018,west
" $1,527.00 ",8/18/2018,north
" $1,776.00 ",8/18/2018,south
" $1,689.00 ",8/18/2018,east
" $1,713.00 ",8/18/2018,west
" $1,509.00 ",8/19/2018,north
" $1,575.00 ",8/19/2018,south
" $1,701.00 ",8/19/2018,east
" $1,575.00 ",8/19/2018,west
" $1,581.00 ",8/20/2018,north
" $1,779.00 ",8/20/2018,south
" $1,662.00 ",8/20/2018,east
" $1,506.00 ",8/20/2018,west
" $1,794.00 ",8/21/2018,north
" $1,659.00 ",8/21/2018,south
" $1,644.00 ",8/21/2018,east
" $1,707.00 ",8/21/2018,west
" $1,704.00 ",8/22/2018,north
" $1,500.00 ",8/22/2018,south
" $1,539.00 ",8/22/2018,east
" $1,800.00 ",8/22/2018,west
" $1,557.00 ",8/23/2018,north
" $1,554.00 ",8/23/2018,south
" $1,788.00 ",8/23/2018,east
" $1,563.00 ",8/23/2018,west
" $1,548.00 ",8/24/2018,north
" $1,560.00 ",8/24/2018,south
" $1,734.00 ",8/24/2018,east
" $1,644.00 ",8/24/2018,west
" $1,629.00 ",8/25/2018,north
" $1,677.00 ",8/25/2018,south
" $1,764.00 ",8/25/2018,east
" $1,515.00 ",8/25/2018,west
" $1,542.00 ",8/26/2018,north
" $1,545.00 ",8/26/2018,south
" $1,668.00 ",8/26/2018,east
" $1,584.00 ",8/26/2018,west
" $1,605.00 ",8/27/2018,north
" $1,740.00 ",8/27/2018,south
" $1,602.00 ",8/27/2018,east
" $1,509.00 ",8/27/2018,west
" $1,566.00 ",8/28/2018,north
" $1,680.00 ",8/28/2018,south
" $1,656.00 ",8/28/2018,east
" $1,722.00 ",8/28/2018,west
" $1,662.00 ",8/29/2018,north
" $1,794.00 ",8/29/2018,south
" $1,734.00 ",8/29/2018,east
" $1,647.00 ",8/29/2018,west
" $1,635.00 ",8/30/2018,north
" $1,743.00 ",8/30/2018,south
" $1,665.00 ",8/30/2018,east
" $1,770.00 ",8/30/2018,west
" $1,749.00 ",8/31/2018,north
" $1,695.00 ",8/31/2018,south
" $1,644.00 ",8/31/2018,east
" $1,602.00 ",8/31/2018,west
" $1,560.00 ",9/1/2018,north
" $1,500.00 ",9/1/2018,south
" $1,719.00 ",9/1/2018,east
" $1,557.00 ",9/1/2018,west
" $1,527.00 ",9/2/2018,north
" $1,653.00 ",9/2/2018,south
" $1,506.00 ",9/2/2018,east
" $1,575.00 ",9/2/2018,west
" $1,749.00 ",9/3/2018,north
" $1,770.00 ",9/3/2018,south
" $1,674.00 ",9/3/2018,east
" $1,650.00 ",9/3/2018,west
" $1,794.00 ",9/4/2018,north
" $1,509.00 ",9/4/2018,south
" $1,785.00 ",9/4/2018,east
" $1,539.00 ",9/4/2018,west
" $1,731.00 ",9/5/2018,north
" $1,617.00 ",9/5/2018,south
" $1,656.00 ",9/5/2018,east
" $1,599.00 ",9/5/2018,west
" $1,713.00 ",9/6/2018,north
" $1,506.00 ",9/6/2018,south
" $1,758.00 ",9/6/2018,east
" $1,650.00 ",9/6/2018,west
" $1,791.00 ",9/7/2018,north
" $1,623.00 ",9/7/2018,south
" $1,776.00 ",9/7/2018,east
" $1,653.00 ",9/7/2018,west
" $1,659.00 ",9/8/2018,north
" $1,755.00 ",9/8/2018,south
" $1,533.00 ",9/8/2018,east
" $1,557.00 ",9/8/2018,west
" $1,527.00 ",9/9/2018,north
" $1,614.00 ",9/9/2018,south
" $1,638.00 ",9/9/2018,east
" $1,704.00 ",9/9/2018,west
" $1,650.00 ",9/10/2018,north
" $1,656.00 ",9/10/2018,south
" $1,782.00 ",9/10/2018,east
" $1,527.00 ",9/10/2018,west
" $1,578.00 ",9/11/2018,north
" $1,767.00 ",9/11/2018,south
" $1,749.00 ",9/11/2018,east
" $1,524.00 ",9/11/2018,west
" $1,719.00 ",9/12/2018,north
" $1,695.00 ",9/12/2018,south
" $1,740.00 ",9/12/2018,east
" $1,533.00 ",9/12/2018,west
" $1,653.00 ",9/13/2018,north
" $1,560.00 ",9/13/2018,south
" $1,677.00 ",9/13/2018,east
" $1,539.00 ",9/13/2018,west
" $1,713.00 ",9/14/2018,north
" $1,554.00 ",9/14/2018,south
" $1,743.00 ",9/14/2018,east
" $1,701.00 ",9/14/2018,west
" $1,587.00 ",9/15/2018,north
" $1,512.00 ",9/15/2018,south
" $1,698.00 ",9/15/2018,east
" $1,746.00 ",9/15/2018,west
" $1,554.00 ",9/16/2018,north
" $1,554.00 ",9/16/2018,south
" $1,782.00 ",9/16/2018,east
" $1,782.00 ",9/16/2018,west
" $1,764.00 ",9/17/2018,north
" $1,620.00 ",9/17/2018,south
" $1,545.00 ",9/17/2018,east
" $1,722.00 ",9/17/2018,west
" $1,503.00 ",9/18/2018,north
" $1,530.00 ",9/18/2018,south
" $1,737.00 ",9/18/2018,east
" $1,692.00 ",9/18/2018,west
" $1,542.00 ",9/19/2018,north
" $1,758.00 ",9/19/2018,south
" $1,779.00 ",9/19/2018,east
" $1,593.00 ",9/19/2018,west
" $1,686.00 ",9/20/2018,north
" $1,749.00 ",9/20/2018,south
" $1,662.00 ",9/20/2018,east
" $1,569.00 ",9/20/2018,west
" $1,590.00 ",9/21/2018,north
" $1,665.00 ",9/21/2018,south
" $1,716.00 ",9/21/2018,east
" $1,704.00 ",9/21/2018,west
" $1,632.00 ",9/22/2018,north
" $1,581.00 ",9/22/2018,south
" $1,758.00 ",9/22/2018,east
" $1,641.00 ",9/22/2018,west
" $1,731.00 ",9/23/2018,north
" $1,677.00 ",9/23/2018,south
" $1,728.00 ",9/23/2018,east
" $1,755.00 ",9/23/2018,west
" $1,611.00 ",9/24/2018,north
" $1,593.00 ",9/24/2018,south
" $1,797.00 ",9/24/2018,east
" $1,560.00 ",9/24/2018,west
" $1,530.00 ",9/25/2018,north
" $1,770.00 ",9/25/2018,south
" $1,611.00 ",9/25/2018,east
" $1,701.00 ",9/25/2018,west
" $1,617.00 ",9/26/2018,north
" $1,515.00 ",9/26/2018,south
" $1,713.00 ",9/26/2018,east
" $1,500.00 ",9/26/2018,west
" $1,632.00 ",9/27/2018,north
" $1,713.00 ",9/27/2018,south
" $1,743.00 ",9/27/2018,east
" $1,587.00 ",9/27/2018,west
" $1,749.00 ",9/28/2018,north
" $1,533.00 ",9/28/2018,south
" $1,653.00 ",9/28/2018,east
" $1,512.00 ",9/28/2018,west
" $1,518.00 ",9/29/2018,north
" $1,623.00 ",9/29/2018,south
" $1,701.00 ",9/29/2018,east
" $1,596.00 ",9/29/2018,west
" $1,746.00 ",9/30/2018,north
" $1,536.00 ",9/30/2018,south
" $1,659.00 ",9/30/2018,east
" $1,524.00 ",9/30/2018,west
" $1,782.00 ",10/1/2018,north
" $1,632.00 ",10/1/2018,south
" $1,755.00 ",10/1/2018,east
" $1,650.00 ",10/1/2018,west
" $1,680.00 ",10/2/2018,north
" $1,701.00 ",10/2/2018,south
" $1,800.00 ",10/2/2018,east
" $1,740.00 ",10/2/2018,west
" $1,563.00 ",10/3/2018,north
" $1,788.00 ",10/3/2018,south
" $1,536.00 ",10/3/2018,east
" $1,764.00 ",10/3/2018,west
" $1,512.00 ",10/4/2018,north
" $1,560.00 ",10/4/2018,south
" $1,626.00 ",10/4/2018,east
" $1,797.00 ",10/4/2018,west
" $1,779.00 ",10/5/2018,north
" $1,683.00 ",10/5/2018,south
" $1,713.00 ",10/5/2018,east
" $1,794.00 ",10/5/2018,west
" $1,584.00 ",10/6/2018,north
" $1,647.00 ",10/6/2018,south
" $1,596.00 ",10/6/2018,east
" $1,515.00 ",10/6/2018,west
" $1,533.00 ",10/7/2018,north
" $1,608.00 ",10/7/2018,south
" $1,794.00 ",10/7/2018,east
" $1,578.00 ",10/7/2018,west
" $1,701.00 ",10/8/2018,north
" $1,617.00 ",10/8/2018,south
" $1,779.00 ",10/8/2018,east
" $1,785.00 ",10/8/2018,west
" $1,680.00 ",10/9/2018,north
" $1,590.00 ",10/9/2018,south
" $1,551.00 ",10/9/2018,east
" $1,587.00 ",10/9/2018,west
" $1,749.00 ",10/10/2018,north
" $1,701.00 ",10/10/2018,south
" $1,599.00 ",10/10/2018,east
" $1,506.00 ",10/10/2018,west
" $1,596.00 ",10/11/2018,north
" $1,800.00 ",10/11/2018,south
" $1,749.00 ",10/11/2018,east
" $1,674.00 ",10/11/2018,west
" $1,782.00 ",10/12/2018,north
" $1,647.00 ",10/12/2018,south
" $1,542.00 ",10/12/2018,east
" $1,656.00 ",10/12/2018,west
" $1,581.00 ",10/13/2018,north
" $1,713.00 ",10/13/2018,south
" $1,722.00 ",10/13/2018,east
" $1,686.00 ",10/13/2018,west
" $1,728.00 ",10/14/2018,north
" $1,755.00 ",10/14/2018,south
" $1,503.00 ",10/14/2018,east
" $1,602.00 ",10/14/2018,west
" $1,605.00 ",10/15/2018,north
" $1,719.00 ",10/15/2018,south
" $1,548.00 ",10/15/2018,east
" $1,626.00 ",10/15/2018,west
" $1,551.00 ",10/16/2018,north
" $1,662.00 ",10/16/2018,south
" $1,650.00 ",10/16/2018,east
" $1,788.00 ",10/16/2018,west
" $1,536.00 ",10/17/2018,north
" $1,551.00 ",10/17/2018,south
" $1,656.00 ",10/17/2018,east
" $1,644.00 ",10/17/2018,west
" $1,692.00 ",10/18/2018,north
" $1,518.00 ",10/18/2018,south
" $1,509.00 ",10/18/2018,east
" $1,674.00 ",10/18/2018,west
" $1,521.00 ",10/19/2018,north
" $1,632.00 ",10/19/2018,south
" $1,794.00 ",10/19/2018,east
" $1,689.00 ",10/19/2018,west
" $1,692.00 ",10/20/2018,north
" $1,662.00 ",10/20/2018,south
" $1,776.00 ",10/20/2018,east
" $1,710.00 ",10/20/2018,west
" $1,569.00 ",10/21/2018,north
" $1,704.00 ",10/21/2018,south
" $1,767.00 ",10/21/2018,east
" $1,767.00 ",10/21/2018,west
" $1,542.00 ",10/22/2018,north
" $1,707.00 ",10/22/2018,south
" $1,578.00 ",10/22/2018,east
" $1,521.00 ",10/22/2018,west
" $1,764.00 ",10/23/2018,north
" $1,683.00 ",10/23/2018,south
" $1,602.00 ",10/23/2018,east
" $1,755.00 ",10/23/2018,west
" $1,650.00 ",10/24/2018,north
" $1,629.00 ",10/24/2018,south
" $1,692.00 ",10/24/2018,east
" $1,542.00 ",10/24/2018,west
" $1,629.00 ",10/25/2018,north
" $1,587.00 ",10/25/2018,south
" $1,635.00 ",10/25/2018,east
" $1,653.00 ",10/25/2018,west
" $1,596.00 ",10/26/2018,north
" $1,524.00 ",10/26/2018,south
" $1,545.00 ",10/26/2018,east
" $1,707.00 ",10/26/2018,west
" $1,509.00 ",10/27/2018,north
" $1,509.00 ",10/27/2018,south
" $1,686.00 ",10/27/2018,east
" $1,785.00 ",10/27/2018,west
" $1,635.00 ",10/28/2018,north
" $1,752.00 ",10/28/2018,south
" $1,785.00 ",10/28/2018,east
" $1,755.00 ",10/28/2018,west
" $1,707.00 ",10/29/2018,north
" $1,701.00 ",10/29/2018,south
" $1,599.00 ",10/29/2018,east
" $1,782.00 ",10/29/2018,west
" $1,677.00 ",10/30/2018,north
" $1,719.00 ",10/30/2018,south
" $1,530.00 ",10/30/2018,east
" $1,776.00 ",10/30/2018,west
" $1,674.00 ",10/31/2018,north
" $1,641.00 ",10/31/2018,south
" $1,596.00 ",10/31/2018,east
" $1,506.00 ",10/31/2018,west
" $1,692.00 ",11/1/2018,north
" $1,623.00 ",11/1/2018,south
" $1,593.00 ",11/1/2018,east
" $1,551.00 ",11/1/2018,west
" $1,728.00 ",11/2/2018,north
" $1,608.00 ",11/2/2018,south
" $1,530.00 ",11/2/2018,east
" $1,791.00 ",11/2/2018,west
" $1,704.00 ",11/3/2018,north
" $1,653.00 ",11/3/2018,south
" $1,548.00 ",11/3/2018,east
" $1,626.00 ",11/3/2018,west
" $1,695.00 ",11/4/2018,north
" $1,590.00 ",11/4/2018,south
" $1,530.00 ",11/4/2018,east
" $1,644.00 ",11/4/2018,west
" $1,611.00 ",11/5/2018,north
" $1,617.00 ",11/5/2018,south
" $1,776.00 ",11/5/2018,east
" $1,641.00 ",11/5/2018,west
" $1,740.00 ",11/6/2018,north
" $1,590.00 ",11/6/2018,south
" $1,773.00 ",11/6/2018,east
" $1,641.00 ",11/6/2018,west
" $1,527.00 ",11/7/2018,north
" $1,755.00 ",11/7/2018,south
" $1,650.00 ",11/7/2018,east
" $1,593.00 ",11/7/2018,west
" $1,548.00 ",11/8/2018,north
" $1,623.00 ",11/8/2018,south
" $1,500.00 ",11/8/2018,east
" $1,569.00 ",11/8/2018,west
" $1,647.00 ",11/9/2018,north
" $1,662.00 ",11/9/2018,south
" $1,710.00 ",11/9/2018,east
" $1,719.00 ",11/9/2018,west
" $1,590.00 ",11/10/2018,north
" $1,539.00 ",11/10/2018,south
" $1,566.00 ",11/10/2018,east
" $1,770.00 ",11/10/2018,west
" $1,722.00 ",11/11/2018,north
" $1,524.00 ",11/11/2018,south
" $1,641.00 ",11/11/2018,east
" $1,662.00 ",11/11/2018,west
" $1,716.00 ",11/12/2018,north
" $1,611.00 ",11/12/2018,south
" $1,569.00 ",11/12/2018,east
" $1,797.00 ",11/12/2018,west
" $1,698.00 ",11/13/2018,north
" $1,581.00 ",11/13/2018,south
" $1,776.00 ",11/13/2018,east
" $1,644.00 ",11/13/2018,west
" $1,563.00 ",11/14/2018,north
" $1,707.00 ",11/14/2018,south
" $1,533.00 ",11/14/2018,east
" $1,572.00 ",11/14/2018,west
" $1,623.00 ",11/15/2018,north
" $1,698.00 ",11/15/2018,south
" $1,521.00 ",11/15/2018,east
" $1,707.00 ",11/15/2018,west
" $1,587.00 ",11/16/2018,north
" $1,776.00 ",11/16/2018,south
" $1,662.00 ",11/16/2018,east
" $1,578.00 ",11/16/2018,west
" $1,554.00 ",11/17/2018,north
" $1,515.00 ",11/17/2018,south
" $1,602.00 ",11/17/2018,east
" $1,557.00 ",11/17/2018,west
" $1,521.00 ",11/18/2018,north
" $1,740.00 ",11/18/2018,south
" $1,617.00 ",11/18/2018,east
" $1,647.00 ",11/18/2018,west
" $1,551.00 ",11/19/2018,north
" $1,500.00 ",11/19/2018,south
" $1,725.00 ",11/19/2018,east
" $1,563.00 ",11/19/2018,west
" $1,791.00 ",11/20/2018,north
" $1,578.00 ",11/20/2018,south
" $1,632.00 ",11/20/2018,east
" $1,674.00 ",11/20/2018,west
" $1,617.00 ",11/21/2018,north
" $1,509.00 ",11/21/2018,south
" $1,644.00 ",11/21/2018,east
" $1,542.00 ",11/21/2018,west
" $1,650.00 ",11/22/2018,north
" $1,758.00 ",11/22/2018,south
" $1,710.00 ",11/22/2018,east
" $1,737.00 ",11/22/2018,west
" $1,779.00 ",11/23/2018,north
" $1,743.00 ",11/23/2018,south
" $1,560.00 ",11/23/2018,east
" $1,719.00 ",11/23/2018,west
" $1,689.00 ",11/24/2018,north
" $1,605.00 ",11/24/2018,south
" $1,683.00 ",11/24/2018,east
" $1,518.00 ",11/24/2018,west
" $1,665.00 ",11/25/2018,north
" $1,671.00 ",11/25/2018,south
" $1,704.00 ",11/25/2018,east
" $1,731.00 ",11/25/2018,west
" $1,653.00 ",11/26/2018,north
" $1,542.00 ",11/26/2018,south
" $1,659.00 ",11/26/2018,east
" $1,650.00 ",11/26/2018,west
" $1,773.00 ",11/27/2018,north
" $1,647.00 ",11/27/2018,south
" $1,725.00 ",11/27/2018,east
" $1,644.00 ",11/27/2018,west
" $1,767.00 ",11/28/2018,north
" $1,728.00 ",11/28/2018,south
" $1,719.00 ",11/28/2018,east
" $1,677.00 ",11/28/2018,west
" $1,686.00 ",11/29/2018,north
" $1,527.00 ",11/29/2018,south
" $1,689.00 ",11/29/2018,east
" $1,686.00 ",11/29/2018,west
" $1,641.00 ",11/30/2018,north
" $1,665.00 ",11/30/2018,south
" $1,755.00 ",11/30/2018,east
" $1,551.00 ",11/30/2018,west
" $1,665.00 ",12/1/2018,north
" $1,527.00 ",12/1/2018,south
" $1,536.00 ",12/1/2018,east
" $1,656.00 ",12/1/2018,west
" $1,563.00 ",12/2/2018,north
" $1,554.00 ",12/2/2018,south
" $1,602.00 ",12/2/2018,east
" $1,737.00 ",12/2/2018,west
" $1,506.00 ",12/3/2018,north
" $1,755.00 ",12/3/2018,south
" $1,572.00 ",12/3/2018,east
" $1,608.00 ",12/3/2018,west
" $1,722.00 ",12/4/2018,north
" $1,788.00 ",12/4/2018,south
" $1,788.00 ",12/4/2018,east
" $1,587.00 ",12/4/2018,west
" $1,677.00 ",12/5/2018,north
" $1,725.00 ",12/5/2018,south
" $1,731.00 ",12/5/2018,east
" $1,518.00 ",12/5/2018,west
" $1,737.00 ",12/6/2018,north
" $1,797.00 ",12/6/2018,south
" $1,662.00 ",12/6/2018,east
" $1,662.00 ",12/6/2018,west
" $1,716.00 ",12/7/2018,north
" $1,596.00 ",12/7/2018,south
" $1,653.00 ",12/7/2018,east
" $1,635.00 ",12/7/2018,west
" $1,782.00 ",12/8/2018,north
" $1,773.00 ",12/8/2018,south
" $1,755.00 ",12/8/2018,east
" $1,719.00 ",12/8/2018,west
" $1,737.00 ",12/9/2018,north
" $1,548.00 ",12/9/2018,south
" $1,665.00 ",12/9/2018,east
" $1,659.00 ",12/9/2018,west
" $1,659.00 ",12/10/2018,north
" $1,575.00 ",12/10/2018,south
" $1,509.00 ",12/10/2018,east
" $1,767.00 ",12/10/2018,west
" $1,509.00 ",12/11/2018,north
" $1,527.00 ",12/11/2018,south
" $1,575.00 ",12/11/2018,east
" $1,620.00 ",12/11/2018,west
" $1,623.00 ",12/12/2018,north
" $1,623.00 ",12/12/2018,south
" $1,773.00 ",12/12/2018,east
" $1,743.00 ",12/12/2018,west
" $1,719.00 ",12/13/2018,north
" $1,782.00 ",12/13/2018,south
" $1,713.00 ",12/13/2018,east
" $1,593.00 ",12/13/2018,west
" $1,716.00 ",12/14/2018,north
" $1,686.00 ",12/14/2018,south
" $1,569.00 ",12/14/2018,east
" $1,704.00 ",12/14/2018,west
" $1,554.00 ",12/15/2018,north
" $1,545.00 ",12/15/2018,south
" $1,587.00 ",12/15/2018,east
" $1,800.00 ",12/15/2018,west
" $1,635.00 ",12/16/2018,north
" $1,620.00 ",12/16/2018,south
" $1,800.00 ",12/16/2018,east
" $1,641.00 ",12/16/2018,west
" $1,635.00 ",12/17/2018,north
" $1,527.00 ",12/17/2018,south
" $1,626.00 ",12/17/2018,east
" $1,716.00 ",12/17/2018,west
" $1,755.00 ",12/18/2018,north
" $1,755.00 ",12/18/2018,south
" $1,605.00 ",12/18/2018,east
" $1,779.00 ",12/18/2018,west
" $1,566.00 ",12/19/2018,north
" $1,566.00 ",12/19/2018,south
" $1,797.00 ",12/19/2018,east
" $1,770.00 ",12/19/2018,west
" $1,731.00 ",12/20/2018,north
" $1,551.00 ",12/20/2018,south
" $1,767.00 ",12/20/2018,east
" $1,626.00 ",12/20/2018,west
" $1,659.00 ",12/21/2018,north
" $1,710.00 ",12/21/2018,south
" $1,542.00 ",12/21/2018,east
" $1,569.00 ",12/21/2018,west
" $1,776.00 ",12/22/2018,north
" $1,578.00 ",12/22/2018,south
" $1,668.00 ",12/22/2018,east
" $1,527.00 ",12/22/2018,west
" $1,770.00 ",12/23/2018,north
" $1,623.00 ",12/23/2018,south
" $1,710.00 ",12/23/2018,east
" $1,731.00 ",12/23/2018,west
" $1,740.00 ",12/24/2018,north
" $1,632.00 ",12/24/2018,south
" $1,719.00 ",12/24/2018,east
" $1,500.00 ",12/24/2018,west
" $1,512.00 ",12/25/2018,north
" $1,605.00 ",12/25/2018,south
" $1,623.00 ",12/25/2018,east
" $1,533.00 ",12/25/2018,west
" $1,683.00 ",12/26/2018,north
" $1,734.00 ",12/26/2018,south
" $1,545.00 ",12/26/2018,east
" $1,587.00 ",12/26/2018,west
" $1,578.00 ",12/27/2018,north
" $1,650.00 ",12/27/2018,south
" $1,632.00 ",12/27/2018,east
" $1,713.00 ",12/27/2018,west
" $1,650.00 ",12/28/2018,north
" $1,794.00 ",12/28/2018,south
" $1,764.00 ",12/28/2018,east
" $1,797.00 ",12/28/2018,west
" $1,626.00 ",12/29/2018,north
" $1,794.00 ",12/29/2018,south
" $1,695.00 ",12/29/2018,east
" $1,740.00 ",12/29/2018,west
" $1,758.00 ",12/30/2018,north
" $1,785.00 ",12/30/2018,south
" $1,599.00 ",12/30/2018,east
" $1,689.00 ",12/30/2018,west
" $1,527.00 ",12/31/2018,north
" $1,710.00 ",12/31/2018,south
" $1,590.00 ",12/31/2018,east
" $1,653.00 ",12/31/2018,west
" $1,518.00 ",1/1/2019,north
" $1,632.00 ",1/1/2019,south
" $1,755.00 ",1/1/2019,east
" $1,551.00 ",1/1/2019,west
" $1,767.00 ",1/2/2019,north
" $1,605.00 ",1/2/2019,south
" $1,692.00 ",1/2/2019,east
" $1,794.00 ",1/2/2019,west
" $1,695.00 ",1/3/2019,north
" $1,737.00 ",1/3/2019,south
" $1,575.00 ",1/3/2019,east
" $1,509.00 ",1/3/2019,west
" $1,590.00 ",1/4/2019,north
" $1,500.00 ",1/4/2019,south
" $1,590.00 ",1/4/2019,east
" $1,638.00 ",1/4/2019,west
" $1,761.00 ",1/5/2019,north
" $1,590.00 ",1/5/2019,south
" $1,725.00 ",1/5/2019,east
" $1,551.00 ",1/5/2019,west
" $1,644.00 ",1/6/2019,north
" $1,779.00 ",1/6/2019,south
" $1,794.00 ",1/6/2019,east
" $1,638.00 ",1/6/2019,west
" $1,644.00 ",1/7/2019,north
" $1,647.00 ",1/7/2019,south
" $1,692.00 ",1/7/2019,east
" $1,623.00 ",1/7/2019,west
" $1,722.00 ",1/8/2019,north
" $1,551.00 ",1/8/2019,south
" $1,731.00 ",1/8/2019,east
" $1,701.00 ",1/8/2019,west
" $1,500.00 ",1/9/2019,north
" $1,764.00 ",1/9/2019,south
" $1,764.00 ",1/9/2019,east
" $1,635.00 ",1/9/2019,west
" $1,767.00 ",1/10/2019,north
" $1,551.00 ",1/10/2019,south
" $1,512.00 ",1/10/2019,east
" $1,686.00 ",1/10/2019,west
" $1,662.00 ",1/11/2019,north
" $1,512.00 ",1/11/2019,south
" $1,608.00 ",1/11/2019,east
" $1,611.00 ",1/11/2019,west
" $1,566.00 ",1/12/2019,north
" $1,773.00 ",1/12/2019,south
" $1,707.00 ",1/12/2019,east
" $1,752.00 ",1/12/2019,west
" $1,551.00 ",1/13/2019,north
" $1,503.00 ",1/13/2019,south
" $1,536.00 ",1/13/2019,east
" $1,728.00 ",1/13/2019,west
" $1,692.00 ",1/14/2019,north
" $1,521.00 ",1/14/2019,south
" $1,698.00 ",1/14/2019,east
" $1,791.00 ",1/14/2019,west
" $1,605.00 ",1/15/2019,north
" $1,761.00 ",1/15/2019,south
" $1,617.00 ",1/15/2019,east
" $1,503.00 ",1/15/2019,west
" $1,548.00 ",1/16/2019,north
" $1,734.00 ",1/16/2019,south
" $1,506.00 ",1/16/2019,east
" $1,533.00 ",1/16/2019,west
" $1,590.00 ",1/17/2019,north
" $1,707.00 ",1/17/2019,south
" $1,509.00 ",1/17/2019,east
" $1,653.00 ",1/17/2019,west
" $1,572.00 ",1/18/2019,north
" $1,563.00 ",1/18/2019,south
" $1,635.00 ",1/18/2019,east
" $1,734.00 ",1/18/2019,west
" $1,587.00 ",1/19/2019,north
" $1,506.00 ",1/19/2019,south
" $1,689.00 ",1/19/2019,east
" $1,701.00 ",1/19/2019,west
" $1,707.00 ",1/20/2019,north
" $1,557.00 ",1/20/2019,south
" $1,722.00 ",1/20/2019,east
" $1,629.00 ",1/20/2019,west
" $1,611.00 ",1/21/2019,north
" $1,515.00 ",1/21/2019,south
" $1,614.00 ",1/21/2019,east
" $1,593.00 ",1/21/2019,west
" $1,719.00 ",1/22/2019,north
" $1,506.00 ",1/22/2019,south
" $1,794.00 ",1/22/2019,east
" $1,731.00 ",1/22/2019,west
" $1,662.00 ",1/23/2019,north
" $1,728.00 ",1/23/2019,south
" $1,563.00 ",1/23/2019,east
" $1,662.00 ",1/23/2019,west
" $1,647.00 ",1/24/2019,north
" $1,638.00 ",1/24/2019,south
" $1,557.00 ",1/24/2019,east
" $1,518.00 ",1/24/2019,west
" $1,560.00 ",1/25/2019,north
" $1,656.00 ",1/25/2019,south
" $1,707.00 ",1/25/2019,east
" $1,767.00 ",1/25/2019,west
" $1,671.00 ",1/26/2019,north
" $1,686.00 ",1/26/2019,south
" $1,653.00 ",1/26/2019,east
" $1,647.00 ",1/26/2019,west
" $1,524.00 ",1/27/2019,north
" $1,503.00 ",1/27/2019,south
" $1,533.00 ",1/27/2019,east
" $1,785.00 ",1/27/2019,west
" $1,731.00 ",1/28/2019,north
" $1,782.00 ",1/28/2019,south
" $1,560.00 ",1/28/2019,east
" $1,782.00 ",1/28/2019,west
" $1,500.00 ",1/29/2019,north
" $1,728.00 ",1/29/2019,south
" $1,605.00 ",1/29/2019,east
" $1,614.00 ",1/29/2019,west
" $1,782.00 ",1/30/2019,north
" $1,638.00 ",1/30/2019,south
" $1,797.00 ",1/30/2019,east
" $1,641.00 ",1/30/2019,west
" $1,650.00 ",1/31/2019,north
" $1,536.00 ",1/31/2019,south
" $1,599.00 ",1/31/2019,east
" $1,740.00 ",1/31/2019,west
" $1,749.00 ",2/1/2019,north
" $1,581.00 ",2/1/2019,south
" $1,662.00 ",2/1/2019,east
" $1,509.00 ",2/1/2019,west
" $1,596.00 ",2/2/2019,north
" $1,638.00 ",2/2/2019,south
" $1,746.00 ",2/2/2019,east
" $1,611.00 ",2/2/2019,west
" $1,602.00 ",2/3/2019,north
" $1,722.00 ",2/3/2019,south
" $1,734.00 ",2/3/2019,east
" $1,749.00 ",2/3/2019,west
" $1,548.00 ",2/4/2019,north
" $1,647.00 ",2/4/2019,south
" $1,560.00 ",2/4/2019,east
" $1,542.00 ",2/4/2019,west
" $1,617.00 ",2/5/2019,north
" $1,659.00 ",2/5/2019,south
" $1,674.00 ",2/5/2019,east
" $1,524.00 ",2/5/2019,west
" $1,551.00 ",2/6/2019,north
" $1,722.00 ",2/6/2019,south
" $1,563.00 ",2/6/2019,east
" $1,692.00 ",2/6/2019,west
" $1,734.00 ",2/7/2019,north
" $1,584.00 ",2/7/2019,south
" $1,662.00 ",2/7/2019,east
" $1,545.00 ",2/7/2019,west
" $1,662.00 ",2/8/2019,north
" $1,614.00 ",2/8/2019,south
" $1,719.00 ",2/8/2019,east
" $1,788.00 ",2/8/2019,west
" $1,779.00 ",2/9/2019,north
" $1,665.00 ",2/9/2019,south
" $1,605.00 ",2/9/2019,east
" $1,641.00 ",2/9/2019,west
" $1,725.00 ",2/10/2019,north
" $1,611.00 ",2/10/2019,south
" $1,560.00 ",2/10/2019,east
" $1,575.00 ",2/10/2019,west
" $1,563.00 ",2/11/2019,north
" $1,773.00 ",2/11/2019,south
" $1,536.00 ",2/11/2019,east
" $1,551.00 ",2/11/2019,west
" $1,572.00 ",2/12/2019,north
" $1,608.00 ",2/12/2019,south
" $1,752.00 ",2/12/2019,east
" $1,734.00 ",2/12/2019,west
" $1,686.00 ",2/13/2019,north
" $1,782.00 ",2/13/2019,south
" $1,500.00 ",2/13/2019,east
" $1,731.00 ",2/13/2019,west
" $1,725.00 ",2/14/2019,north
" $1,578.00 ",2/14/2019,south
" $1,560.00 ",2/14/2019,east
" $1,644.00 ",2/14/2019,west
" $1,566.00 ",2/15/2019,north
" $1,584.00 ",2/15/2019,south
" $1,695.00 ",2/15/2019,east
" $1,734.00 ",2/15/2019,west
" $1,794.00 ",2/16/2019,north
" $1,731.00 ",2/16/2019,south
" $1,674.00 ",2/16/2019,east
" $1,599.00 ",2/16/2019,west
" $1,512.00 ",2/17/2019,north
" $1,653.00 ",2/17/2019,south
" $1,722.00 ",2/17/2019,east
" $1,641.00 ",2/17/2019,west
" $1,695.00 ",2/18/2019,north
" $1,749.00 ",2/18/2019,south
" $1,728.00 ",2/18/2019,east
" $1,764.00 ",2/18/2019,west
" $1,716.00 ",2/19/2019,north
" $1,599.00 ",2/19/2019,south
" $1,596.00 ",2/19/2019,east
" $1,644.00 ",2/19/2019,west
" $1,740.00 ",2/20/2019,north
" $1,641.00 ",2/20/2019,south
" $1,566.00 ",2/20/2019,east
" $1,656.00 ",2/20/2019,west
" $1,599.00 ",2/21/2019,north
" $1,725.00 ",2/21/2019,south
" $1,731.00 ",2/21/2019,east
" $1,719.00 ",2/21/2019,west
" $1,770.00 ",2/22/2019,north
" $1,794.00 ",2/22/2019,south
" $1,725.00 ",2/22/2019,east
" $1,713.00 ",2/22/2019,west
" $1,599.00 ",2/23/2019,north
" $1,743.00 ",2/23/2019,south
" $1,518.00 ",2/23/2019,east
" $1,614.00 ",2/23/2019,west
" $1,692.00 ",2/24/2019,north
" $1,755.00 ",2/24/2019,south
" $1,653.00 ",2/24/2019,east
" $1,524.00 ",2/24/2019,west
" $1,635.00 ",2/25/2019,north
" $1,734.00 ",2/25/2019,south
" $1,713.00 ",2/25/2019,east
" $1,578.00 ",2/25/2019,west
" $1,566.00 ",2/26/2019,north
" $1,653.00 ",2/26/2019,south
" $1,506.00 ",2/26/2019,east
" $1,656.00 ",2/26/2019,west
" $1,593.00 ",2/27/2019,north
" $1,545.00 ",2/27/2019,south
" $1,734.00 ",2/27/2019,east
" $1,635.00 ",2/27/2019,west
" $1,710.00 ",2/28/2019,north
" $1,569.00 ",2/28/2019,south
" $1,731.00 ",2/28/2019,east
" $1,599.00 ",2/28/2019,west
" $1,593.00 ",3/1/2019,north
" $1,707.00 ",3/1/2019,south
" $1,638.00 ",3/1/2019,east
" $1,539.00 ",3/1/2019,west
" $1,782.00 ",3/2/2019,north
" $1,794.00 ",3/2/2019,south
" $1,608.00 ",3/2/2019,east
" $1,689.00 ",3/2/2019,west
" $1,698.00 ",3/3/2019,north
" $1,518.00 ",3/3/2019,south
" $1,593.00 ",3/3/2019,east
" $1,611.00 ",3/3/2019,west
" $1,587.00 ",3/4/2019,north
" $1,686.00 ",3/4/2019,south
" $1,518.00 ",3/4/2019,east
" $1,632.00 ",3/4/2019,west
" $1,566.00 ",3/5/2019,north
" $1,569.00 ",3/5/2019,south
" $1,743.00 ",3/5/2019,east
" $1,557.00 ",3/5/2019,west
" $1,746.00 ",3/6/2019,north
" $1,662.00 ",3/6/2019,south
" $1,674.00 ",3/6/2019,east
" $1,608.00 ",3/6/2019,west
" $1,551.00 ",3/7/2019,north
" $1,581.00 ",3/7/2019,south
" $1,560.00 ",3/7/2019,east
" $1,674.00 ",3/7/2019,west
" $1,521.00 ",3/8/2019,north
" $1,782.00 ",3/8/2019,south
" $1,617.00 ",3/8/2019,east
" $1,797.00 ",3/8/2019,west
" $1,533.00 ",3/9/2019,north
" $1,749.00 ",3/9/2019,south
" $1,656.00 ",3/9/2019,east
" $1,644.00 ",3/9/2019,west
" $1,545.00 ",3/10/2019,north
" $1,776.00 ",3/10/2019,south
" $1,650.00 ",3/10/2019,east
" $1,737.00 ",3/10/2019,west
" $1,659.00 ",3/11/2019,north
" $1,722.00 ",3/11/2019,south
" $1,689.00 ",3/11/2019,east
" $1,692.00 ",3/11/2019,west
" $1,518.00 ",3/12/2019,north
" $1,581.00 ",3/12/2019,south
" $1,626.00 ",3/12/2019,east
" $1,668.00 ",3/12/2019,west
" $1,524.00 ",3/13/2019,north
" $1,797.00 ",3/13/2019,south
" $1,542.00 ",3/13/2019,east
" $1,653.00 ",3/13/2019,west
" $1,677.00 ",3/14/2019,north
" $1,524.00 ",3/14/2019,south
" $1,692.00 ",3/14/2019,east
" $1,704.00 ",3/14/2019,west
" $1,647.00 ",3/15/2019,north
" $1,671.00 ",3/15/2019,south
" $1,563.00 ",3/15/2019,east
" $1,650.00 ",3/15/2019,west
" $1,563.00 ",3/16/2019,north
" $1,680.00 ",3/16/2019,south
" $1,728.00 ",3/16/2019,east
" $1,680.00 ",3/16/2019,west
" $1,683.00 ",3/17/2019,north
" $1,638.00 ",3/17/2019,south
" $1,545.00 ",3/17/2019,east
" $1,671.00 ",3/17/2019,west
" $1,701.00 ",3/18/2019,north
" $1,515.00 ",3/18/2019,south
" $1,764.00 ",3/18/2019,east
" $1,668.00 ",3/18/2019,west
" $1,677.00 ",3/19/2019,north
" $1,752.00 ",3/19/2019,south
" $1,635.00 ",3/19/2019,east
" $1,605.00 ",3/19/2019,west
" $1,635.00 ",3/20/2019,north
" $1,596.00 ",3/20/2019,south
" $1,608.00 ",3/20/2019,east
" $1,779.00 ",3/20/2019,west
" $1,776.00 ",3/21/2019,north
" $1,635.00 ",3/21/2019,south
" $1,791.00 ",3/21/2019,east
" $1,779.00 ",3/21/2019,west
" $1,746.00 ",3/22/2019,north
" $1,545.00 ",3/22/2019,south
" $1,767.00 ",3/22/2019,east
" $1,731.00 ",3/22/2019,west
" $1,734.00 ",3/23/2019,north
" $1,509.00 ",3/23/2019,south
" $1,686.00 ",3/23/2019,east
" $1,797.00 ",3/23/2019,west
" $1,566.00 ",3/24/2019,north
" $1,557.00 ",3/24/2019,south
" $1,797.00 ",3/24/2019,east
" $1,755.00 ",3/24/2019,west
" $1,650.00 ",3/25/2019,north
" $1,500.00 ",3/25/2019,south
" $1,554.00 ",3/25/2019,east
" $1,734.00 ",3/25/2019,west
" $1,701.00 ",3/26/2019,north
" $1,782.00 ",3/26/2019,south
" $1,797.00 ",3/26/2019,east
" $1,557.00 ",3/26/2019,west
" $1,668.00 ",3/27/2019,north
" $1,575.00 ",3/27/2019,south
" $1,608.00 ",3/27/2019,east
" $1,527.00 ",3/27/2019,west
" $1,518.00 ",3/28/2019,north
" $1,509.00 ",3/28/2019,south
" $1,767.00 ",3/28/2019,east
" $1,557.00 ",3/28/2019,west
" $1,605.00 ",3/29/2019,north
" $1,686.00 ",3/29/2019,south
" $1,656.00 ",3/29/2019,east
" $1,653.00 ",3/29/2019,west
" $1,722.00 ",3/30/2019,north
" $1,593.00 ",3/30/2019,south
" $1,557.00 ",3/30/2019,east
" $1,710.00 ",3/30/2019,west
" $1,785.00 ",3/31/2019,north
" $1,710.00 ",3/31/2019,south
" $1,653.00 ",3/31/2019,east
" $1,572.00 ",3/31/2019,west
" $1,512.00 ",4/1/2019,north
" $1,794.00 ",4/1/2019,south
" $1,569.00 ",4/1/2019,east
" $1,608.00 ",4/1/2019,west
" $1,623.00 ",4/2/2019,north
" $1,791.00 ",4/2/2019,south
" $1,785.00 ",4/2/2019,east
" $1,629.00 ",4/2/2019,west
" $1,539.00 ",4/3/2019,north
" $1,626.00 ",4/3/2019,south
" $1,695.00 ",4/3/2019,east
" $1,518.00 ",4/3/2019,west
" $1,530.00 ",4/4/2019,north
" $1,683.00 ",4/4/2019,south
" $1,662.00 ",4/4/2019,east
" $1,632.00 ",4/4/2019,west
" $1,614.00 ",4/5/2019,north
" $1,605.00 ",4/5/2019,south
" $1,662.00 ",4/5/2019,east
" $1,713.00 ",4/5/2019,west
" $1,749.00 ",4/6/2019,north
" $1,713.00 ",4/6/2019,south
" $1,716.00 ",4/6/2019,east
" $1,557.00 ",4/6/2019,west
" $1,605.00 ",4/7/2019,north
" $1,635.00 ",4/7/2019,south
" $1,518.00 ",4/7/2019,east
" $1,632.00 ",4/7/2019,west
" $1,713.00 ",4/8/2019,north
" $1,779.00 ",4/8/2019,south
" $1,743.00 ",4/8/2019,east
" $1,575.00 ",4/8/2019,west
" $1,728.00 ",4/9/2019,north
" $1,719.00 ",4/9/2019,south
" $1,755.00 ",4/9/2019,east
" $1,617.00 ",4/9/2019,west
" $1,542.00 ",4/10/2019,north
" $1,626.00 ",4/10/2019,south
" $1,509.00 ",4/10/2019,east
" $1,638.00 ",4/10/2019,west
" $1,581.00 ",4/11/2019,north
" $1,680.00 ",4/11/2019,south
" $1,569.00 ",4/11/2019,east
" $1,635.00 ",4/11/2019,west
" $1,539.00 ",4/12/2019,north
" $1,587.00 ",4/12/2019,south
" $1,593.00 ",4/12/2019,east
" $1,581.00 ",4/12/2019,west
" $1,515.00 ",4/13/2019,north
" $1,611.00 ",4/13/2019,south
" $1,644.00 ",4/13/2019,east
" $1,794.00 ",4/13/2019,west
" $1,500.00 ",4/14/2019,north
" $1,737.00 ",4/14/2019,south
" $1,722.00 ",4/14/2019,east
" $1,764.00 ",4/14/2019,west
" $1,530.00 ",4/15/2019,north
" $1,602.00 ",4/15/2019,south
" $1,524.00 ",4/15/2019,east
" $1,770.00 ",4/15/2019,west
" $1,596.00 ",4/16/2019,north
" $1,668.00 ",4/16/2019,south
" $1,584.00 ",4/16/2019,east
" $1,713.00 ",4/16/2019,west
" $1,569.00 ",4/17/2019,north
" $1,686.00 ",4/17/2019,south
" $1,647.00 ",4/17/2019,east
" $1,509.00 ",4/17/2019,west
" $1,590.00 ",4/18/2019,north
" $1,650.00 ",4/18/2019,south
" $1,557.00 ",4/18/2019,east
" $1,575.00 ",4/18/2019,west
" $1,773.00 ",4/19/2019,north
" $1,629.00 ",4/19/2019,south
" $1,524.00 ",4/19/2019,east
" $1,512.00 ",4/19/2019,west
" $1,521.00 ",4/20/2019,north
" $1,653.00 ",4/20/2019,south
" $1,584.00 ",4/20/2019,east
" $1,713.00 ",4/20/2019,west
" $1,683.00 ",4/21/2019,north
" $1,749.00 ",4/21/2019,south
" $1,545.00 ",4/21/2019,east
" $1,629.00 ",4/21/2019,west
" $1,533.00 ",4/22/2019,north
" $1,587.00 ",4/22/2019,south
" $1,671.00 ",4/22/2019,east
" $1,650.00 ",4/22/2019,west
" $1,668.00 ",4/23/2019,north
" $1,674.00 ",4/23/2019,south
" $1,728.00 ",4/23/2019,east
" $1,518.00 ",4/23/2019,west
" $1,554.00 ",4/24/2019,north
" $1,719.00 ",4/24/2019,south
" $1,746.00 ",4/24/2019,east
" $1,665.00 ",4/24/2019,west
" $1,503.00 ",4/25/2019,north
" $1,692.00 ",4/25/2019,south
" $1,725.00 ",4/25/2019,east
" $1,764.00 ",4/25/2019,west
" $1,710.00 ",4/26/2019,north
" $1,635.00 ",4/26/2019,south
" $1,764.00 ",4/26/2019,east
" $1,758.00 ",4/26/2019,west
" $1,740.00 ",4/27/2019,north
" $1,776.00 ",4/27/2019,south
" $1,740.00 ",4/27/2019,east
" $1,620.00 ",4/27/2019,west
" $1,566.00 ",4/28/2019,north
" $1,704.00 ",4/28/2019,south
" $1,578.00 ",4/28/2019,east
" $1,503.00 ",4/28/2019,west
" $1,602.00 ",4/29/2019,north
" $1,791.00 ",4/29/2019,south
" $1,752.00 ",4/29/2019,east
" $1,800.00 ",4/29/2019,west
" $1,719.00 ",4/30/2019,north
" $1,767.00 ",4/30/2019,south
" $1,500.00 ",4/30/2019,east
" $1,623.00 ",4/30/2019,west
" $1,665.00 ",5/1/2019,north
" $1,800.00 ",5/1/2019,south
" $1,731.00 ",5/1/2019,east
" $1,542.00 ",5/1/2019,west
" $1,575.00 ",5/2/2019,north
" $1,548.00 ",5/2/2019,south
" $1,797.00 ",5/2/2019,east
" $1,521.00 ",5/2/2019,west
" $1,560.00 ",5/3/2019,north
" $1,521.00 ",5/3/2019,south
" $1,605.00 ",5/3/2019,east
" $1,740.00 ",5/3/2019,west
" $1,617.00 ",5/4/2019,north
" $1,743.00 ",5/4/2019,south
" $1,629.00 ",5/4/2019,east
" $1,749.00 ",5/4/2019,west
" $1,512.00 ",5/5/2019,north
" $1,746.00 ",5/5/2019,south
" $1,530.00 ",5/5/2019,east
" $1,611.00 ",5/5/2019,west
" $1,569.00 ",5/6/2019,north
" $1,689.00 ",5/6/2019,south
" $1,557.00 ",5/6/2019,east
" $1,560.00 ",5/6/2019,west
" $1,650.00 ",5/7/2019,north
" $1,695.00 ",5/7/2019,south
" $1,620.00 ",5/7/2019,east
" $1,644.00 ",5/7/2019,west
" $1,800.00 ",5/8/2019,north
" $1,515.00 ",5/8/2019,south
" $1,785.00 ",5/8/2019,east
" $1,650.00 ",5/8/2019,west
" $1,797.00 ",5/9/2019,north
" $1,641.00 ",5/9/2019,south
" $1,665.00 ",5/9/2019,east
" $1,767.00 ",5/9/2019,west
" $1,500.00 ",5/10/2019,north
" $1,788.00 ",5/10/2019,south
" $1,725.00 ",5/10/2019,east
" $1,557.00 ",5/10/2019,west
" $1,503.00 ",5/11/2019,north
" $1,518.00 ",5/11/2019,south
" $1,650.00 ",5/11/2019,east
" $1,614.00 ",5/11/2019,west
" $1,743.00 ",5/12/2019,north
" $1,524.00 ",5/12/2019,south
" $1,761.00 ",5/12/2019,east
" $1,743.00 ",5/12/2019,west
" $1,563.00 ",5/13/2019,north
" $1,716.00 ",5/13/2019,south
" $1,560.00 ",5/13/2019,east
" $1,614.00 ",5/13/2019,west
" $1,617.00 ",5/14/2019,north
" $1,761.00 ",5/14/2019,south
" $1,635.00 ",5/14/2019,east
" $1,614.00 ",5/14/2019,west
" $1,509.00 ",5/15/2019,north
" $1,650.00 ",5/15/2019,south
" $1,755.00 ",5/15/2019,east
" $1,569.00 ",5/15/2019,west
" $1,605.00 ",5/16/2019,north
" $1,695.00 ",5/16/2019,south
" $1,662.00 ",5/16/2019,east
" $1,605.00 ",5/16/2019,west
" $1,731.00 ",5/17/2019,north
" $1,590.00 ",5/17/2019,south
" $1,620.00 ",5/17/2019,east
" $1,752.00 ",5/17/2019,west
" $1,533.00 ",5/18/2019,north
" $1,737.00 ",5/18/2019,south
" $1,608.00 ",5/18/2019,east
" $1,662.00 ",5/18/2019,west
" $1,797.00 ",5/19/2019,north
" $1,728.00 ",5/19/2019,south
" $1,686.00 ",5/19/2019,east
" $1,650.00 ",5/19/2019,west
" $1,695.00 ",5/20/2019,north
" $1,752.00 ",5/20/2019,south
" $1,785.00 ",5/20/2019,east
" $1,668.00 ",5/20/2019,west
" $1,515.00 ",5/21/2019,north
" $1,683.00 ",5/21/2019,south
" $1,794.00 ",5/21/2019,east
" $1,533.00 ",5/21/2019,west
" $1,599.00 ",5/22/2019,north
" $1,761.00 ",5/22/2019,south
" $1,761.00 ",5/22/2019,east
" $1,722.00 ",5/22/2019,west
" $1,626.00 ",5/23/2019,north
" $1,668.00 ",5/23/2019,south
" $1,641.00 ",5/23/2019,east
" $1,740.00 ",5/23/2019,west
" $1,650.00 ",5/24/2019,north
" $1,623.00 ",5/24/2019,south
" $1,653.00 ",5/24/2019,east
" $1,773.00 ",5/24/2019,west
" $1,788.00 ",5/25/2019,north
" $1,581.00 ",5/25/2019,south
" $1,677.00 ",5/25/2019,east
" $1,569.00 ",5/25/2019,west
" $1,791.00 ",5/26/2019,north
" $1,617.00 ",5/26/2019,south
" $1,638.00 ",5/26/2019,east
" $1,542.00 ",5/26/2019,west
" $1,590.00 ",5/27/2019,north
" $1,704.00 ",5/27/2019,south
" $1,680.00 ",5/27/2019,east
" $1,527.00 ",5/27/2019,west
" $1,635.00 ",5/28/2019,north
" $1,755.00 ",5/28/2019,south
" $1,560.00 ",5/28/2019,east
" $1,533.00 ",5/28/2019,west
" $1,599.00 ",5/29/2019,north
" $1,677.00 ",5/29/2019,south
" $1,581.00 ",5/29/2019,east
" $1,680.00 ",5/29/2019,west
" $1,692.00 ",5/30/2019,north
" $1,644.00 ",5/30/2019,south
" $1,716.00 ",5/30/2019,east
" $1,761.00 ",5/30/2019,west
" $1,716.00 ",5/31/2019,north
" $1,764.00 ",5/31/2019,south
" $1,677.00 ",5/31/2019,east
" $1,605.00 ",5/31/2019,west
" $1,680.00 ",6/1/2019,north
" $1,695.00 ",6/1/2019,south
" $1,548.00 ",6/1/2019,east
" $1,689.00 ",6/1/2019,west
" $1,755.00 ",6/2/2019,north
" $1,707.00 ",6/2/2019,south
" $1,557.00 ",6/2/2019,east
" $1,644.00 ",6/2/2019,west
" $1,719.00 ",6/3/2019,north
" $1,680.00 ",6/3/2019,south
" $1,581.00 ",6/3/2019,east
" $1,749.00 ",6/3/2019,west
" $1,602.00 ",6/4/2019,north
" $1,704.00 ",6/4/2019,south
" $1,602.00 ",6/4/2019,east
" $1,554.00 ",6/4/2019,west
" $1,632.00 ",6/5/2019,north
" $1,560.00 ",6/5/2019,south
" $1,647.00 ",6/5/2019,east
" $1,560.00 ",6/5/2019,west
" $1,662.00 ",6/6/2019,north
" $1,545.00 ",6/6/2019,south
" $1,614.00 ",6/6/2019,east
" $1,746.00 ",6/6/2019,west
" $1,713.00 ",6/7/2019,north
" $1,668.00 ",6/7/2019,south
" $1,503.00 ",6/7/2019,east
" $1,758.00 ",6/7/2019,west
" $1,656.00 ",6/8/2019,north
" $1,560.00 ",6/8/2019,south
" $1,710.00 ",6/8/2019,east
" $1,677.00 ",6/8/2019,west
" $1,782.00 ",6/9/2019,north
" $1,665.00 ",6/9/2019,south
" $1,782.00 ",6/9/2019,east
" $1,797.00 ",6/9/2019,west
" $1,698.00 ",6/10/2019,north
" $1,689.00 ",6/10/2019,south
" $1,623.00 ",6/10/2019,east
" $1,767.00 ",6/10/2019,west
